racquet_brands,racquet_models
Adidas,Barricade
Adidas,Barricade Tour
Adidas,Feather
Adidas,Response
Asics,Asics 109
Asics,Asics 116
Asics,Asics 125
Asics,BZ 100
Avery,M3 Control
Avery,M3 Power
Avery,M5
Babolat,Aero 112
Babolat,Aero Blast
Babolat,Aero Storm
Babolat,Aero Storm GT
Babolat,Aero Storm Tour GT
Babolat,Aero Tour MP
Babolat,Aero Tour OS
Babolat,AeroPro Control Plus
Babolat,AeroPro Drive 2013
Babolat,AeroPro Drive Cortex
Babolat,AeroPro Drive GT
Babolat,AeroPro Drive GT Plus
Babolat,AeroPro Drive GT Plus / 2013
Babolat,AeroPro Drive Plus
Babolat,AeroPro Lite GT
Babolat,AeroPro Lite/2013
Babolat,AeroPro Team GT
Babolat,AeroPro Team GT/2013
Babolat,Drive Z 110
Babolat,Drive Z 110 2009
Babolat,Drive Z 118
Babolat,Drive Z 118 2009
Babolat,Drive Z Lite
Babolat,Play Pure Drive
Babolat,Pure Aero
Babolat,Pure Aero (2019)
Babolat,Pure Aero 2023
Babolat,Pure Aero 98 2023
Babolat,Pure Aero Lite
Babolat,Pure Aero Lite (2019)
Babolat,Pure Aero Lite 2023
Babolat,Pure Aero Plus
Babolat,Pure Aero Plus (2019)
Babolat,Pure Aero Plus 2023
Babolat,Pure Aero Team
Babolat,Pure Aero Team (2019)
Babolat,Pure Aero Team 2023
Babolat,Pure Aero Tour
Babolat,Pure Aero Tour (2019)
Babolat,Pure Aero VS
Babolat,Pure Aero VS Stars and Stripes
Babolat,Pure Aero VS Tour
Babolat,Pure Control
Babolat,Pure Control 95
Babolat,Pure Control 95+
Babolat,Pure Control Tour
Babolat,Pure Control Tour+
Babolat,Pure Drive (2012)
Babolat,Pure Drive (2021)
Babolat,Pure Drive 107
Babolat,Pure Drive 107 (2012)
Babolat,Pure Drive 107 (2018)
Babolat,Pure Drive 107 2021
Babolat,Pure Drive 107 GT 2009
Babolat,Pure Drive 110
Babolat,Pure Drive 110 (2018)
Babolat,Pure Drive 110 2021
Babolat,Pure Drive 2015
Babolat,Pure Drive 2017
Babolat,Pure Drive GT
Babolat,Pure Drive GT Plus
Babolat,Pure Drive Lite
Babolat,Pure Drive Lite
Babolat,Pure Drive Lite (2018)
Babolat,Pure Drive Lite 2021
Babolat,Pure Drive Lite Wimbledon
Babolat,Pure Drive Plus
Babolat,Pure Drive Plus
Babolat,Pure Drive Plus (2018)
Babolat,Pure Drive Plus 2021
Babolat,Pure Drive Roddick
Babolat,Pure Drive Roddick (2012)
Babolat,Pure Drive Roddick GT
Babolat,Pure Drive Roddick GT Plus
Babolat,Pure Drive Roddick Plus
Babolat,Pure Drive Roddick Plus (2012)
Babolat,Pure Drive Team
Babolat,Pure Drive Team 2021
Babolat,Pure Drive Team Plus
Babolat,Pure Drive Tour
Babolat,Pure Drive Tour (2018)
Babolat,Pure Drive Tour 2021
Babolat,Pure Drive Tour Plus
Babolat,Pure Drive Tour Plus (2018)
Babolat,Pure Drive VS
Babolat,Pure Drive Wimbledon
Babolat,Pure Stike 98 18x20 2024
Babolat,Pure Storm
Babolat,Pure Storm GT 2009
Babolat,Pure Storm GT 2011
Babolat,Pure Storm Ltd GT (NEW)
Babolat,Pure Storm Ltd. GT 2009
Babolat,Pure Storm Team GT
Babolat,Pure Storm Tour
Babolat,Pure Storm Tour GT
Babolat,Pure Storm Tour GT 2009
Babolat,Pure Storm Tour Plus
Babolat,Pure Storm Tour Plus GT
Babolat,Pure Storm Tour+ GT 2009
Babolat,Pure Strike (18x20)
Babolat,Pure Strike 100
Babolat,Pure Strike 100 (2016)
Babolat,Pure Strike 100 16x20 2024
Babolat,Pure Strike 100 2024
Babolat,Pure Strike 100 3rd Gen
Babolat,Pure Strike 100 Team
Babolat,Pure Strike 103
Babolat,Pure Strike 16x19
Babolat,Pure Strike 16x19 (2016)
Babolat,Pure Strike 16x19 3rd Gen
Babolat,Pure Strike 18x20
Babolat,Pure Strike 18x20 3rd Gen
Babolat,Pure Strike 97
Babolat,Pure Strike 98 16x19 2024
Babolat,Pure Strike Team 2024
Babolat,Pure Strike Tour
Babolat,Pure Strike Tour 3rd Gen
Babolat,Pure Strike VS
Babolat,Pure Strike VS
Babolat,Pure Strike VS Tour
Babolat,VS NCT Control
Babolat,XS 102
Babolat,XS 102
Babolat,XS 105
Babolat,XS 109
Babolat,Y 105 Smart Grip
Babolat,Y 109 Smart Grip
Babolat,Y 112
Babolat,Y 112 LTD
Babolat,Y 118
Babolat,NS Drive OS
Boris,Becker Becker 11 (heavy)
Boris,Becker Becker 11 Special Edition 98
Boris,Becker Boris Becker 11 Light
Boris,Becker Delta Core 1
Boris,Becker Delta Core 3
Boris,Becker Delta Core Legend
Boris,Becker Delta Core London
Boris,Becker Delta Core London Tour
Boris,Becker Delta Core Melbourne
Boris,Becker Delta Core Pro
Donnay,Formula 100
Donnay,Formula Lite 100
Donnay,Formula OS Ext
Donnay,Pro One
Donnay,Pro One 97 18x20
Donnay,Pro One OS
Donnay,Pro One OS Ext
Donnay,X-Black 94
Donnay,X-Black 99
Donnay,X-Blue 94
Donnay,X-Blue 99
Donnay,X-Dark Red 94
Donnay,X-Dual Core Platinum 94
Donnay,X-Dual Core Silver 99
Donnay,X-Dual Gold 94
Donnay,X-Dual Silver Lite 99
Donnay,X-Orange 99
Donnay,X-P Dual Lite White 102
Donnay,X-Red 94
Donnay,X-Red 99
Donnay,X-White 99
Donnay,X-Yellow 99
Dunlop,Aerogel 100
Dunlop,Aerogel 1000
Dunlop,Aerogel 2Hundred
Dunlop,Aerogel 3Hundred
Dunlop,Aerogel 4D 100 (1Hundred)
Dunlop,Aerogel 4D 200 (2Hundred)
Dunlop,Aerogel 4D 200 Tour (2Hundred)
Dunlop,Aerogel 4D 300 (3Hundred)
Dunlop,Aerogel 4D 300 (3Hundred) Tour
Dunlop,Aerogel 4D 5 Fifty Lite
Dunlop,Aerogel 4D 500 (5Hundred)
Dunlop,Aerogel 4D 500 (5Hundred) Tour
Dunlop,Aerogel 4D 700 (7Hundred)
Dunlop,Aerogel 4D Super-Lite
Dunlop,Aerogel 5Hundred
Dunlop,Aerogel 5Hundred Tour
Dunlop,Aerogel 600 MP
Dunlop,Aerogel 7Hundred
Dunlop,Aerogel 9Hundred OS
Dunlop,Aerogel Rush
Dunlop,Aerogel Smoke
Dunlop,Aerogel Titan
Dunlop,BioFibre F3.1 Tour
Dunlop,BioFibre M2.1
Dunlop,BioFibre M3.1
Dunlop,BioFibre S8.1 Lite
Dunlop,Biomimetic 100
Dunlop,Biomimetic 200
Dunlop,Biomimetic 200 Lite
Dunlop,Biomimetic 200 Plus
Dunlop,Biomimetic 200 Tour
Dunlop,Biomimetic 300
Dunlop,Biomimetic 300 Tour
Dunlop,Biomimetic 400
Dunlop,Biomimetic 400 Lite
Dunlop,Biomimetic 400 Tour
Dunlop,Biomimetic 500
Dunlop,Biomimetic 500 Plus
Dunlop,Biomimetic 500 Tour
Dunlop,Biomimetic 600
Dunlop,Biomimetic 600 Lite
Dunlop,Biomimetic 600 Tour
Dunlop,Biomimetic Black Widow
Dunlop,Biomimetic F 3.0 Tour
Dunlop,Biomimetic F2.0 Tour
Dunlop,Biomimetic F5.0 Tour
Dunlop,Biomimetic M 3.0
Dunlop,Biomimetic M 6.0
Dunlop,Biomimetic M5.0
Dunlop,Biomimetic Max 200G
Dunlop,Biomimetic S 2.0
Dunlop,Biomimetic S 3.0 Lite
Dunlop,Biomimetic S 6.0
Dunlop,Biomimetic S 6.0 Lite
Dunlop,Biomimetic S 7.0
Dunlop,Biomimetic S 8.0 Lite
Dunlop,Biomimetic S5.0 Lite
Dunlop,CX 200
Dunlop,CX 200
Dunlop,CX 200 OS
Dunlop,CX 200 OS
Dunlop,CX 200 Tour 16x19
Dunlop,CX 200 Tour 18x20
Dunlop,CX 400
Dunlop,CX 400
Dunlop,CX 400 Tour
Dunlop,CX 400 Tour
Dunlop,F4.0 Tour
Dunlop,FX 500
Dunlop,FX 500 2023
Dunlop,FX 500 LS
Dunlop,FX 500 LS 2023
Dunlop,FX 500 Lite
Dunlop,FX 500 Lite 2023
Dunlop,FX 500 Tour
Dunlop,FX 500 Tour 2023
Dunlop,FX 700
Dunlop,FX 700 2023
Dunlop,Force 100
Dunlop,Force 100 Tour
Dunlop,Force 105
Dunlop,Force 98
Dunlop,Force 98 Tour
Dunlop,M-Fil 200
Dunlop,M-Fil 300
Dunlop,M-Fil 400
Dunlop,M-Fil 800
Dunlop,M4.0
Dunlop,Precision 100
Dunlop,Precision 100 Tour
Dunlop,Precision 98
Dunlop,Precision 98 Tour
Dunlop,S4.0 Lite
Dunlop,SX 300
Dunlop,SX 300 Tour
Dunlop,SX300
Dunlop,SX300 Tour
Dunlop,Srixon CX 200
Dunlop,Srixon CX 200 LS
Dunlop,Srixon CX 200 Tour (16x19)
Dunlop,Srixon CX 200 Tour (18x20)
Dunlop,Srixon CX 200+
Dunlop,Srixon CX 400
Dunlop,Srixon Revo CV 3.0
Dunlop,Srixon Revo CV 3.0 F
Dunlop,Srixon Revo CV 3.0 F LS
Dunlop,Srixon Revo CV 3.0 F Tour
Dunlop,Srixon Revo CV 5.0
Dunlop,Srixon Revo CV 5.0 OS
Dunlop,Srixon Revo CX 2.0
Dunlop,Srixon Revo CX 2.0 LS
Dunlop,Srixon Revo CX 4.0
Dunlop,Srixon Revo CX Tour 18x20
Dunlop,Srixon Revo CZ 100S
Dunlop,Srixon Revo CZ 98D
Dunlop,iDapt Force 100
Dunlop,iDapt Force 100S
Dunlop,iDapt Force 105
Dunlop,iDapt Force 98
Fischer,M Comp 95
Fischer,M Pro Number One 98 Light
Fischer,M Pro Number One 98 SL
Fischer,Magnetic Tour ++ (heavy)
Fischer,Progressor NT
Gamma,Big Bubba
Gamma,C-1
Gamma,C-2
Gamma,C-3
Gamma,C-4
Gamma,CP-1000
Gamma,CP-1200
Gamma,G250
Gamma,G260
Gamma,G310
Gamma,Ipex 2.0 OS
Gamma,RZR 100
Gamma,RZR 100T
Gamma,RZR 105
Gamma,RZR 110
Gamma,RZR 95
Gamma,RZR 98
Gamma,RZR 98 T
Gamma,T-5
Gamma,T-6
Gamma,T-7
Gamma,Tour 300X
Gamma,Tour 320X
Gamma,Tour 330X
Gamma,Tour 340X
Gamma,Tour 340X Team
Head,Airflow 1
Head,Airflow 3
Head,Airflow 3 Crossbow
Head,Airflow 5
Head,Airflow 5 Crossbow
Head,Airflow 7
Head,Airflow 7 Crossbow
Head,Boom MP 2022
Head,Boom MP 2024
Head,Boom Pro 2022
Head,Boom Pro 2024
Head,Boom Team 2024
Head,Crossbow 10
Head,Crossbow 2
Head,Crossbow 4
Head,Crossbow 6
Head,Crossbow 8
Head,Extreme MP 2022
Head,Extreme Tour 2022
Head,FXP Instinct Team MP
Head,FXP Radical Team
Head,Flexpoint 10
Head,Flexpoint 6 OS
Head,Flexpoint Heat MP
Head,Flexpoint Prestige Mid
Head,Flexpoint Prestige XL MP
Head,Flexpoint Radical MP
Head,Flexpoint Radical OS
Head,Graphene 360 Extreme Lite
Head,Graphene 360 Extreme MP
Head,Graphene 360 Extreme Pro
Head,Graphene 360 Instinct Lite
Head,Graphene 360 Instinct MP
Head,Graphene 360 Instinct PWR
Head,Graphene 360 Instinct S
Head,Graphene 360 Radical MP
Head,Graphene 360 Radical Pro
Head,Graphene 360 Radical S
Head,Graphene 360 Speed Lite
Head,Graphene 360 Speed MP
Head,Graphene 360 Speed MP Lite
Head,Graphene 360 Speed Pro
Head,Graphene 360+ Extreme Lite
Head,Graphene 360+ Extreme MP
Head,Graphene 360+ Extreme Nite MP
Head,Graphene 360+ Extreme Nite Tour
Head,Graphene 360+ Extreme S
Head,Graphene 360+ Extreme Tour
Head,Graphene 360+ Gravity Lite
Head,Graphene 360+ Gravity Lite 2021
Head,Graphene 360+ Gravity MP
Head,Graphene 360+ Gravity MP 2021
Head,Graphene 360+ Gravity MP Lite
Head,Graphene 360+ Gravity Pro
Head,Graphene 360+ Gravity Pro 2021
Head,Graphene 360+ Gravity S
Head,Graphene 360+ Gravity S 2021
Head,Graphene 360+ Gravity Tour
Head,Graphene 360+ Gravity Tour 2021
Head,Graphene 360+ Instinct Lite
Head,Graphene 360+ Instinct MP
Head,Graphene 360+ Instinct PWR
Head,Graphene 360+ Prestige Mid
Head,Graphene 360+ Prestige Midplus
Head,Graphene 360+ Prestige Pro
Head,Graphene 360+ Prestige Tour
Head,Graphene 360+ Radical MP
Head,Graphene 360+ Radical Pro
Head,Graphene 360+ Radical S
Head,Graphene 360+ Speed Lite
Head,Graphene 360+ Speed MP
Head,Graphene 360+ Speed MP (Black)
Head,Graphene 360+ Speed MP Lite
Head,Graphene 360+ Speed PWR
Head,Graphene 360+ Speed Pro
Head,Graphene 360+ Speed Pro (Black)
Head,Graphene 360+ Speed S
Head,Graphene Extreme Lite
Head,Graphene Extreme MP
Head,Graphene Extreme Pro
Head,Graphene Prestige Midplus
Head,Graphene Prestige Pro
Head,Graphene Prestige Rev Pro
Head,Graphene Prestige S
Head,Graphene Radical MP
Head,Graphene Radical Pro
Head,Graphene Radical Rev
Head,Graphene Radical S
Head,Graphene Touch Extreme Lite
Head,Graphene Touch Extreme MP
Head,Graphene Touch Instinct Lite
Head,Graphene Touch Instinct MP
Head,Graphene Touch Instinct PWR
Head,Graphene Touch Instinct S
Head,Graphene Touch Prestige Mid
Head,Graphene Touch Prestige Midplus
Head,Graphene Touch Prestige Pro
Head,Graphene Touch Prestige Tour
Head,Graphene Touch Radical MP
Head,Graphene Touch Radical MP Ltd.
Head,Graphene Touch Radical Pro
Head,Graphene Touch Radical S
Head,Graphene Touch Speed MP
Head,Graphene Touch Speed PWR
Head,Graphene Touch Speed Pro
Head,Graphene Touch Speed S
Head,Graphene XT Extreme Lite
Head,Graphene XT Extreme MP A
Head,Graphene XT Extreme Pro
Head,Graphene XT Instinct MP
Head,Graphene XT Instinct Rev Pro
Head,Graphene XT Instinct S
Head,Graphene XT Prestige Midplus
Head,Graphene XT Prestige Pro
Head,Graphene XT Prestige Rev Pro
Head,Graphene XT Prestige S
Head,Graphene XT Radical Lite
Head,Graphene XT Radical MP A
Head,Graphene XT Radical Pro
Head,Graphene XT Radical S
Head,Graphene XT Speed MPA
Head,Graphene XT Speed Pro
Head,Graphene XT Speed Rev Pro
Head,Graphene XT Speed S
Head,Liquid Metal 4 OS
Head,Liquid Metal 8 OS
Head,Liquid Metal Instinct MP
Head,Liquid Metal Radical MP
Head,Liquid Metal Radical OS
Head,Liquidmetal Prestige Mid
Head,MXG 3
Head,MXG 5
Head,Metallix 10
Head,Metallix 2
Head,Metallix 4 OS
Head,Metallix 6
Head,MicroGEL Extreme Pro 2009
Head,MicroGEL Extreme Pro MP
Head,MicroGEL Radical MP
Head,MicroGEL Radical OS
Head,MicroGEL Radical Pro MP
Head,MicroGel Extreme Team
Head,Microgel Extreme MP 2009
Head,Microgel Extreme Team 2009
Head,Microgel Instinct MP
Head,Microgel Prestige MP
Head,Microgel Prestige Mid
Head,Microgel Prestige Pro
Head,Microgel Radical Team MP
Head,MxG1
Head,MxG7
Head,Prestige Classic 2.0
Head,Prestige MP 2021
Head,Prestige MP L 2023
Head,Prestige Pro 2021
Head,Prestige Pro 2023
Head,Prestige Tour 2021
Head,Prestige Tour 2023
Head,Pro Tour 2.0
Head,Protector
Head,Protector Midplus
Head,Radical MP 2023
Head,Radical Oversize Ltd.
Head,Radical Pro 2023
Head,Radical Team 2023
Head,Speed MP 2022
Head,Speed MP 2024
Head,Speed MP L 2024
Head,Speed Pro 2022
Head,Speed Pro 2024
Head,Speed Team 2024
Head,Titanium Ti.S6
Head,YOUTEK Extreme MP
Head,YOUTEK Extreme Pro
Head,YOUTEK Graphene Instinct MP
Head,YOUTEK Graphene Instinct PWR
Head,YOUTEK Graphene Instinct REV
Head,YOUTEK Graphene Instinct S
Head,YOUTEK Graphene Prestige PWR
Head,YOUTEK Graphene Speed MP
Head,YOUTEK Graphene Speed PRO
Head,YOUTEK Graphene Speed PWR
Head,YOUTEK Graphene Speed REV
Head,YOUTEK Graphene Speed S
Head,YOUTEK IG Extreme MP
Head,YOUTEK IG Extreme MP 2.0
Head,YOUTEK IG Extreme OS
Head,YOUTEK IG Extreme Pro
Head,YOUTEK IG Extreme Pro 2.0
Head,YOUTEK IG Extreme S 2.0
Head,YOUTEK IG Instinct
Head,YOUTEK IG Instinct S
Head,YOUTEK IG Prestige MP
Head,YOUTEK IG Prestige Mid
Head,YOUTEK IG Prestige Pro
Head,YOUTEK IG Prestige S
Head,YOUTEK IG Radical MP
Head,YOUTEK IG Radical OS
Head,YOUTEK IG Radical Pro
Head,YOUTEK IG Radical S
Head,YOUTEK IG Speed 16x19
Head,YOUTEK IG Speed 18x20
Head,YOUTEK IG Speed 300
Head,YOUTEK IG Speed Elite
Head,YOUTEK IG Speed Lite
Head,YOUTEK Instinct MP
Head,YOUTEK Mojo
Head,YOUTEK Prestige MP
Head,YOUTEK Prestige Mid
Head,YOUTEK Prestige Pro
Head,YOUTEK Radical Lite
Head,YOUTEK Radical MP
Head,YOUTEK Radical OS
Head,YOUTEK Radical Pro
Head,YOUTEK Speed 16x19
Head,YOUTEK Speed Elite
Head,YOUTEK Speed Lite
Head,YOUTEK Speed MP 18x20
Head,YOUTEK Speed Pro
Head,YOUTEK Star Five
Head,YOUTEK Star Six
Head,YOUTEK Star Three
Head,Spark SUPRM
Head,Spark COMP
Head,Spark ELITE
Head,Spark TOUR
Head,IG Challenge MP
Head,Speed XTR
Head,Speed Pro 2023 Night
Head,Graphene Touch Radical XTR
Head,Ti. Radical Elite
Kneissl,Black Star
Kneissl,Red Star
Kneissl,Tom's Machine
Lacoste,L.20
Lacoste,L.20L
Mantis,285
Mantis,300
Mantis,Tour 305
Mantis,Tour 315
OneStrings,Spin Deeper 300g (14x19)
OneStrings,Spin Deeper 315g (14x19)
OneStrings,Turbine 275g
OneStrings,Turbine 300g
Pacific,Finesse
Pacific,Nexus
Pacific,Raptor
Pacific,Speed
Pacific,X Fast Pro 100
Pacific,X Feel Pro 90 Vacuum
Pacific,X Feel Pro 95
Pacific,X Feel Tour
Pacific,X Force
Pacific,X Force Comp
Pacific,X Force Lite
Pacific,X Force Pro
Pacific,X Force Pro No. 1
Pacific,X Tour Pro 97
PowerAngle,Centric
PowerAngle,GRAND
PowerAngle,PRO
Prince,ATS Textreme Tour 100 290
Prince,ATS Textreme Tour 100 310
Prince,ATS Textreme Tour 100P
Prince,ATS Textreme Tour 95
Prince,ATS Textreme Tour 98
Prince,CTS Synergy DB26
Prince,Classic Graphite 100 Longbody
Prince,EXO3 Black
Prince,EXO3 Black Team
Prince,EXO3 Blue
Prince,EXO3 Blue 110
Prince,EXO3 Graphite 100 MP w/inserts
Prince,EXO3 Graphite 93 Mid w/inserts
Prince,EXO3 Hornet Midplus 100
Prince,EXO3 Hybrid 100
Prince,EXO3 Hybrid 104
Prince,EXO3 Hybrid 110
Prince,EXO3 Hybrid Gold 107
Prince,EXO3 Hybrid Red 102
Prince,EXO3 Ignite 95
Prince,EXO3 Ignite Team 95
Prince,EXO3 Rebel 95
Prince,EXO3 Rebel 95 w/o inserts
Prince,EXO3 Rebel 98
Prince,EXO3 Rebel Team 95 w/o inserts
Prince,EXO3 Rebel Team 98
Prince,EXO3 Red
Prince,EXO3 Red 105
Prince,EXO3 Silver
Prince,EXO3 Silver 115
Prince,EXO3 Tour 100 (16x18)
Prince,EXO3 Tour 100 (18x20)
Prince,EXO3 Tour Lite 100
Prince,EXO3 Warrior 100
Prince,EXO3 Warrior DB Team 100
Prince,EXO3 Warrior Team 100
Prince,EXO3 White
Prince,Graphite 100
Prince,Graphite 107
Prince,Graphite Classic (original) OS
Prince,Hydrogen Random 300g
Prince,Lightning 100
Prince,Lightning 105
Prince,Lightning 110
Prince,O3 Hybrid Comp
Prince,O3 Hybrid Hornet
Prince,O3 Hybrid Lite
Prince,O3 Hybrid Spectrum MP
Prince,O3 Legacy 105 2024
Prince,O3 Legacy 120 2024
Prince,O3 Speedport Black Long Body
Prince,O3 Speedport Black Team
Prince,O3 Speedport Black w/Holes
Prince,O3 Speedport Blue OS
Prince,O3 Speedport Gold
Prince,O3 Speedport Ozone Four
Prince,O3 Speedport Ozone One
Prince,O3 Speedport Platinum
Prince,O3 Speedport Pro White MP
Prince,O3 Speedport Red
Prince,O3 Speedport Silver
Prince,O3 Speedport Tour
Prince,O3 Speedport Tour Demo
Prince,O3 Tour MP
Prince,O3 Tour Mid
Prince,O3 Tour OS
Prince,O3 White
Prince,Original Graphite 107
Prince,Ozone Pro Tour
Prince,Ozone Tour MP
Prince,Phantom 100
Prince,Phantom 100G
Prince,Phantom 100G LB
Prince,Phantom 100P
Prince,Phantom 100P 2024
Prince,Phantom 100X 18x20
Prince,Phantom 100X 18x20 2024
Prince,Phantom 100X 290g
Prince,Phantom 100X 290g 2024
Prince,Phantom 100X 305g
Prince,Phantom 100X 305g 2024
Prince,Phantom 107G
Prince,Phantom 107G 2024
Prince,Phantom 93P (14x18)
Prince,Phantom 93P (18x20)
Prince,Phantom 97P
Prince,Phantom O3 100X
Prince,Phantom Pro 100
Prince,Phantom Pro 100 (18x20)
Prince,Phantom Pro 100P
Prince,Phantom Pro 93P
Prince,Phantom Pro 93P (14x18)
Prince,Premier 105 ESP
Prince,Premier 105L ESP
Prince,Premier 115L ESP
Prince,Response 97
Prince,RipStick 280
Prince,Synergy 98
Prince,Textreme Beast 100
Prince,Textreme Beast 98
Prince,Textreme Beast O3 100
Prince,Textreme Beast O3 104
Prince,Textreme Beast O3 98
Prince,Textreme Beast O3 98
Prince,Textreme Beast Pro 100 LB
Prince,Textreme Tour 100 (290) (2019)
Prince,Textreme Tour 100 (310) (2019)
Prince,Textreme Tour 100 L
Prince,Textreme Tour 100 P
Prince,Textreme Tour 100L (260) (2019)
Prince,Textreme Tour 100P (2019)
Prince,Textreme Tour 100T
Prince,Textreme Tour 95
Prince,Textreme Tour 95 (2019)
Prince,Textreme Warrior 100
Prince,Textreme Warrior 100 ESP
Prince,Textreme Warrior 100L
Prince,Textreme Warrior 100T
Prince,Textreme Warrior 107
Prince,Textreme Warrior 107T
Prince,Textreme Warror 107 L
Prince,Tour 100 (16x18)
Prince,Tour 100 (18x20)
Prince,Tour 100T
Prince,Tour 100T ESP
Prince,Tour 95
Prince,Tour 98
Prince,Tour 98 ESP
Prince,Tour Diablo
Prince,Tour Diablo MP
Prince,Tour Diablo MP
Prince,Tour NXG Graphite MP
Prince,Tour NXG Graphite Mid
Prince,Tour NXG Graphite OS
Prince,Tour Pro 100
Prince,Tour Pro 100 ESP
Prince,Tour Pro 98
Prince,Triple Threat Warrior OS
Prince,Twistpower X100
Prince,Twistpower X100 Tour
Prince,Twistpower X105 (290g)
Prince,Twistpower X97 Tour
Prince,Vortex 300g
Prince,Vortex 310g
Prince,Warrior 100
Prince,Warrior 100 ESP
Prince,Warrior 100 Pro
Prince,Warrior 100L ESP
Prince,Warrior Pro 100T ESP
Prince,RipStick 300
Prince,O3 Hybrid Pink
ProKennex,Black Ace (300)
ProKennex,Black Ace (315)
ProKennex,Black Ace 105
ProKennex,Ionic Ki 10 MP
ProKennex,Ionic Ki 10 PSE MP
ProKennex,Ionic Ki 15
ProKennex,Ionic Ki 15 260
ProKennex,Ionic Ki 15 PSE (New)
ProKennex,Ionic Ki 20 (New)
ProKennex,Ionic Ki 20 PSE (New)
ProKennex,Ionic Ki 30
ProKennex,Ionic Ki 30 (New)
ProKennex,Ionic Ki 5
ProKennex,Ionic Ki 5 315
ProKennex,Ionic Ki 5 PSE (New)
ProKennex,Ionic Ki 5x (New)
ProKennex,Ki 10
ProKennex,Ki 10 (305) - 2018
ProKennex,Ki 15 (260) - 2018
ProKennex,Ki 15 (300) - 2018
ProKennex,Ki 15 PSE
ProKennex,Ki 5 (300) - 2018
ProKennex,Ki 5 (320) - 2018
ProKennex,Ki 5 280
ProKennex,Ki 5 320
ProKennex,Ki Black Ace Pro
ProKennex,Ki Q+ 20 (2021)
ProKennex,Ki Q+ 5 Pro (2021)
ProKennex,Ki Q+ 5 Pro (310)
ProKennex,Ki Q+ Tour (315) (2019)
ProKennex,Ki Q+ Tour Pro (325)
ProKennex,Kinetic Pro 5G
ProKennex,Kinetic Pro 7g
ProKennex,Q15
ProKennex,Q30
ProKennex,Q5X Kinetic 100
ProKennex,SQ Ltd Edition
Slazenger,Pro Braided
Slazenger,V100 Team
Slazenger,V100 Tour
Slazenger,V98 Team
Slazenger,V98 Tour
Solinco,Blackout 300
Solinco,Blackout 300 XTD
Solinco,Pro 10
Solinco,Pro 8
Solinco,Protocol 300
Solinco,Protocol 325
Solinco,Whiteout 305
Solinco,Whiteout 305 18x20
Solinco,Whiteout 305 XTD
Solinco,Whiteout 305 XTD 18x20
Tecnifibre,ATP TFight 280 XTC
Tecnifibre,ATP TFight 295 XTC
Tecnifibre,ATP TFight 300 XTC
Tecnifibre,ATP TFight 305 XTC
Tecnifibre,ATP TFight 315 XTC
Tecnifibre,ATP TFight 320 XTC
Tecnifibre,T-Flash PS 270
Tecnifibre,T-Flash PS 285
Tecnifibre,T-Flash PS 300
Tecnifibre,TF40 18x20
Tecnifibre,TF40 305
Tecnifibre,TF40 305 16x19
Tecnifibre,TF40 315
Tecnifibre,TF40 315 16x19
Tecnifibre,TFX1 300
Tecnifibre,TFeel 305 MP XL
Tecnifibre,TFght 300 RS
Tecnifibre,TFight 255
Tecnifibre,TFight 295 MP
Tecnifibre,TFight 295 RS
Tecnifibre,TFight 295 TP
Tecnifibre,TFight 295 VO2 Max
Tecnifibre,TFight 305 Dynacore
Tecnifibre,TFight 305 RS
Tecnifibre,TFight 305 VO2 Max
Tecnifibre,TFight 315 Ltd. 16 Main
Tecnifibre,TFight 315 Ltd. 18 Main
Tecnifibre,TFight 315 RS
Tecnifibre,TFight 320 (16x20)
Tecnifibre,TFight 320 (18x20)
Tecnifibre,TFight 320 VO2 Max
Tecnifibre,TFight 325 VO2 Max
Tecnifibre,TFight 325 XL VO2 Max
Tecnifibre,TFight 335 MP (16x20)
Tecnifibre,TFight 335 MP (18x20)
Tecnifibre,TFight DC 300
Tecnifibre,TFight DC 305
Tecnifibre,TFight DC 315
Tecnifibre,TFight DC 315 Ltd. (16x19)
Tecnifibre,TFight DC 315 Ltd. (18x20)
Tecnifibre,TFight DC 320
Tecnifibre,TFight ISO 295
Tecnifibre,TFight ISO 300
Tecnifibre,TFight ISO 305
Tecnifibre,TFight ISO 315
Tecnifibre,TFlash 270 CES
Tecnifibre,TFlash 270 OS
Tecnifibre,TFlash 285 CES
Tecnifibre,TFlash 290
Tecnifibre,TFlash 290 VO2 Max
Tecnifibre,TFlash 300 ATP
Tecnifibre,TFlash 300 CES
Tecnifibre,TFlash 300 Dynacore ATP
Tecnifibre,TFlash 300 SpeedFlex
Tecnifibre,TFlash 310 (16x19)
Tecnifibre,TFlash 310 (18x20)
Tecnifibre,TFlash 315 ATP
Tecnifibre,TFlash 315 Dynacore ATP
Tecnifibre,TFlash 315 SpeedFlex
Tecnifibre,TFlash 315 VO2 Max
Tecnifibre,TRebound 265 Pro
Tecnifibre,TRebound 295 Pro
Tecnifibre,TRebound 298 IGA
Volkl,BB1 OS
Volkl,Becker BB 10
Volkl,Becker BB5
Volkl,C10 EVO
Volkl,C10 Pro
Volkl,C10 Pro 2012
Volkl,Catapult 8 V-Engine
Volkl,Classic C10 Pro
Volkl,DNX 1 Power Arm
Volkl,DNX 10 Mid
Volkl,DNX 2 Ativa OS
Volkl,DNX 3
Volkl,DNX 4
Volkl,DNX 6 Ativa
Volkl,DNX 7
Volkl,DNX 8
Volkl,DNX 9
Volkl,Organix 1
Volkl,Organix 10 (295g)
Volkl,Organix 10 (325)
Volkl,Organix 10 Mid
Volkl,Organix 4
Volkl,Organix 4 Super G
Volkl,Organix 5
Volkl,Organix 7 (295)
Volkl,Organix 7 (310)
Volkl,Organix 8 315g
Volkl,Organix 9
Volkl,Organix V1 MP
Volkl,Organix V1 OS
Volkl,Organix V1 Pro Midplus
Volkl,Power Bridge 1
Volkl,Power Bridge 10
Volkl,Power Bridge 10 Mid
Volkl,Power Bridge 2
Volkl,Power Bridge 3
Volkl,Power Bridge 4
Volkl,Power Bridge 5
Volkl,Power Bridge 6 Attiva MP
Volkl,Power Bridge 7
Volkl,Power Bridge 8
Volkl,Power Bridge 8 315
Volkl,Power Bridge 9
Volkl,Power Bridge V1 Midplus
Volkl,Power Bridge V1 Oversize
Volkl,Quantum Scorcher
Volkl,Super G 1
Volkl,Super G 10 295
Volkl,Super G 10 325
Volkl,Super G 10 Mid (320g)
Volkl,Super G 10 Mid (330g)
Volkl,Super G 3
Volkl,Super G 5
Volkl,Super G 6
Volkl,Super G 7
Volkl,Super G 8 (300g)
Volkl,Super G 8 (315g)
Volkl,Super G 9
Volkl,Super G V1 Midplus
Volkl,Super G V1 Oversize
Volkl,Super G V1 Pro
Volkl,Team Tour
Volkl,Tour 10 V-Engine Mid
Volkl,Tour 9 V-Engine (18x20)
Volkl,Tour Scorcher
Volkl,V-Cell 10 300g
Volkl,V-Cell 10 320g
Volkl,V-Cell 4
Volkl,V-Cell 6
Volkl,V-Cell 8 (285g)
Volkl,V-Cell 8 (300g)
Volkl,V-Cell 8 (315g)
Volkl,V-Cell 9
Volkl,V-Cell V1 Pro
Volkl,V-Feel 1
Volkl,V-Feel 10 (300g)
Volkl,V-Feel 10 (320g)
Volkl,V-Feel 4
Volkl,V-Feel 5
Volkl,V-Feel 6
Volkl,V-Feel 8 285g
Volkl,V-Feel 8 300g
Volkl,V-Feel 8 315g
Volkl,V-Feel 9
Volkl,V-Feel V1 MP
Volkl,V-Feel V1 OS
Volkl,V-Feel V1 Pro
Volkl,V-Feel V8 Pro
Volkl,V-Sense 1
Volkl,V-Sense 10 295g
Volkl,V-Sense 10 325g
Volkl,V-Sense 10 Mid
Volkl,V-Sense 10 Tour
Volkl,V-Sense 2
Volkl,V-Sense 4
Volkl,V-Sense 5
Volkl,V-Sense 6
Volkl,V-Sense 8 285g
Volkl,V-Sense 8 300g
Volkl,V-Sense 8 315g
Volkl,V-Sense 9
Volkl,V-Sense V1 MP
Volkl,V-Sense V1 OS
Volkl,V-Sense V1 Pro
Volkl,V1 Classic
Volkl,Vostra V4
Volkl,Vostra V6
Volkl,Vostra V8 285g
Volkl,Vostra V8 300g
Volkl,Vostra V8 315g
Wilson,BLX Blade 98
Wilson,BLX Blade Lite
Wilson,BLX Blade Team
Wilson,BLX Blade Tour
Wilson,BLX Bold
Wilson,BLX Cierzo Two
Wilson,BLX Cirrus One
Wilson,BLX Coral Reef
Wilson,BLX Juice 100
Wilson,BLX Juice 108
Wilson,BLX Juice Pro
Wilson,BLX One
Wilson,BLX Pro Limited 110
Wilson,BLX Pro Lite
Wilson,BLX Pro Open
Wilson,BLX Pro Open (2012)
Wilson,BLX Pro Staff Six.One 100
Wilson,BLX Pro Staff Six.One 90
Wilson,BLX Pro Staff Six.One 95
Wilson,BLX Pro Team FX
Wilson,BLX Pro Tour
Wilson,BLX Six-One 95 16x18
Wilson,BLX Six-One Lite
Wilson,BLX Six-One Tour
Wilson,BLX Six.One 95 16x18
Wilson,BLX Six.One 95 18x20
Wilson,BLX Six.One 95 18x20 (2012)
Wilson,BLX Six.One Team
Wilson,BLX Six.One Team (2012)
Wilson,BLX Steam 100
Wilson,BLX Stratus Three
Wilson,BLX Surge
Wilson,BLX Tempest Four
Wilson,BLX Tidal Force
Wilson,BLX Tidal Wave
Wilson,BLX Tour
Wilson,BLX Tour 2012
Wilson,BLX Tour Limited
Wilson,BLX Tour Lite
Wilson,Blade 100 V7
Wilson,Blade 100 v8
Wilson,Blade 100L
Wilson,Blade 104
Wilson,Blade 104 (2015)
Wilson,Blade 104 / 2013
Wilson,Blade 104 V8
Wilson,Blade 104 v7
Wilson,Blade 18x20 v8
Wilson,Blade 93 / 2013
Wilson,Blade 98 (16x19)
Wilson,Blade 98 (16x19) (2015)
Wilson,Blade 98 (16x19) / 2013
Wilson,Blade 98 (16x19) CV
Wilson,Blade 98 (18x20 ) (2015)
Wilson,Blade 98 (18x20)
Wilson,Blade 98 (18x20) / 2013
Wilson,Blade 98 (18x20) CV
Wilson,Blade 98 16x19 v6
Wilson,Blade 98 16x19 v7 Reverse
Wilson,Blade 98 16x19 v8
Wilson,Blade 98S
Wilson,Blade 98S (18x16) CV
Wilson,Blade 98S (2015)
Wilson,Blade SW 104
Wilson,Burn 100
Wilson,Burn 100 Countervail
Wilson,Burn 100 LS
Wilson,Burn 100 LS (2017)
Wilson,Burn 100 LS CAMO
Wilson,Burn 100 S
Wilson,Burn 100 S Countervail
Wilson,Burn 100 Team
Wilson,Burn 100 Team (2017)
Wilson,Burn 100 ULS
Wilson,Burn 100 ULS (2017)
Wilson,Burn 95
Wilson,Burn 95 Countervail
Wilson,Burn FST 95
Wilson,Burn FST 99
Wilson,Burn FST 99S
Wilson,Clash 100
Wilson,Clash 100 Pro Silver
Wilson,Clash 100 Pro v2
Wilson,Clash 100 Reverse
Wilson,Clash 100 Silver
Wilson,Clash 100 Tour
Wilson,Clash 100 v2
Wilson,Clash 100L
Wilson,Clash 100L Silver
Wilson,Clash 100S
Wilson,Clash 108
Wilson,Clash 98
Wilson,Clash 98 v2
Wilson,Envy 100 L
Wilson,Envy 110 UL
Wilson,Hyper Hammer 5.3 Stretch
Wilson,Hyper Hammer 6.3 OS
Wilson,Juice 100
Wilson,Juice 100L
Wilson,Juice 100S
Wilson,Juice 100UL
Wilson,Juice 108
Wilson,K Factor Kobra Team FX
Wilson,K Factor Kobra Tour
Wilson,KBlade 98
Wilson,KBlade Team 104
Wilson,KBlade Tour
Wilson,KBrave
Wilson,KFive OS
Wilson,KFour 105 MP
Wilson,KFour 112 OS
Wilson,KFour.FX
Wilson,KFury
Wilson,KOne
Wilson,KOne.FX
Wilson,KPro Open
Wilson,KPro Staff 88
Wilson,KPro Team.FX
Wilson,KPro Tour
Wilson,KSix-One 95 (16x18)
Wilson,KSix-One 95 (18x20)
Wilson,KSix-One Tour 90
Wilson,KSix-One X
Wilson,KSix-Two MP
Wilson,KSting 105
Wilson,KSurge
Wilson,KThree OS
Wilson,KThree.FX
Wilson,KTour MP
Wilson,KTour Team.FX
Wilson,KZen MP
Wilson,KZen Team
Wilson,KZen Team.FX Orange
Wilson,Labs Project Shift 99 300g
Wilson,Labs Project Shift 99 315g
Wilson,N Fury OS
Wilson,Pro Open 100
Wilson,Pro Staff 100L
Wilson,Pro Staff 100LS
Wilson,Pro Staff 6.0 85
Wilson,Pro Staff 6.1 100 V13
Wilson,Pro Staff 90
Wilson,Pro Staff 95
Wilson,Pro Staff 95S (2014)
Wilson,Pro Staff 95S (2015)
Wilson,Pro Staff 97
Wilson,Pro Staff 97 (2016)
Wilson,Pro Staff 97 Countervail
Wilson,Pro Staff 97 Countervail Black
Wilson,Pro Staff 97 LS
Wilson,Pro Staff 97 LS Black (2016)
Wilson,Pro Staff 97 RF Autograph
Wilson,Pro Staff 97 v13
Wilson,Pro Staff 97 v14
Wilson,Pro Staff 97L
Wilson,Pro Staff 97L Countervail Black
Wilson,Pro Staff 97L Countervail CAMO
Wilson,Pro Staff 97L v13
Wilson,Pro Staff 97S
Wilson,Pro Staff 97S (2016)
Wilson,Pro Staff RF97 Autograph (2016)
Wilson,Pro Staff RF97 Autograph 2018
Wilson,Pro Staff RF97 v13
Wilson,Pro Staff Six.One 100 v14
Wilson,Pro Staff X v14
Wilson,Shift 99
Wilson,Shift 99 Pro
Wilson,Six-One Team
Wilson,Six.One 95 (16x18)
Wilson,Six.One 95 (18x20)
Wilson,Six.One 95L
Wilson,Six.One 95S
Wilson,Steam 105S
Wilson,Steam 96
Wilson,Steam 99
Wilson,Steam 99LS
Wilson,Steam 99S
Wilson,Ultra 100
Wilson,Ultra 100 Countervail
Wilson,Ultra 100 v2
Wilson,Ultra 100 v4
Wilson,Ultra 100L
Wilson,Ultra 100L CAMO
Wilson,Ultra 100L v2
Wilson,Ultra 100L v3
Wilson,Ultra 100UL
Wilson,Ultra 103S
Wilson,Ultra 108
Wilson,Ultra 95 Countervail
Wilson,Ultra 97
Wilson,Ultra Pro 16x19 v4
Wilson,Ultra Pro 18x20 v4
Wilson,Ultra Tour
Wilson,W5 Divine Iris
Wilson,n2 OS
Wilson,n5 Force MP
Wilson,nBlade OS
Wilson,nPro Open MP
Wilson,nPro Open X
Wilson,nSix-Two MP
Wilson,nSix-Two OS
Wilson,nTour
Wilson,nTour Two MP
Wilson,Energy XL
Wilson,Blade 98 16x19 v9
Wilson,Pro Staff Precision 103
Wilson,Blade 98 16x19 v8 Noir
Wilson,Blade 100UL v7
Wilson,Ultra Power RXT 
Yonex,Astrel 100
Yonex,Astrel 115
Yonex,E-Zone 100
Yonex,E-Zone 107
Yonex,E-Zone Lite
Yonex,E-Zone Rally
Yonex,E-Zone Team 102
Yonex,E-Zone Team Plus 102
Yonex,E-Zone Xi
Yonex,E-Zone Xi 107
Yonex,E-Zone Xi 115
Yonex,E-Zone Xi 98
Yonex,E-Zone Xi Lite
Yonex,EZONE 100 (300g)
Yonex,EZONE 100 2022
Yonex,EZONE 100 Naomi Osaka LE
Yonex,EZONE 100+
Yonex,EZONE 100+ (300g) Blue
Yonex,EZONE 100+ 2022
Yonex,EZONE 100L
Yonex,EZONE 100L Naomi Osaka LE
Yonex,EZONE 105
Yonex,EZONE 108
Yonex,EZONE 98 (305g)
Yonex,EZONE 98 2022
Yonex,EZONE 98 Naomi Osaka LE
Yonex,EZONE 98 Tour
Yonex,EZONE 98 Tour 2022
Yonex,EZONE 98+
Yonex,EZONE 98+ (305g) Blue
Yonex,EZONE 98+ 2022
Yonex,EZONE 98L
Yonex,EZONE Ace
Yonex,EZONE Ai 100
Yonex,EZONE Ai 98
Yonex,EZONE Ai 98 Lite
Yonex,EZONE Ai Feel
Yonex,EZONE Ai Lite (Lime)
Yonex,EZone DR 100
Yonex,EZone DR 98
Yonex,Ezone 100 (285g)
Yonex,Ezone 100 (300g)
Yonex,Ezone 98 (285g)
Yonex,Ezone 98 (305g)
Yonex,Ezone DR 100+ Blue
Yonex,Ezone DR 98+ Blue
Yonex,Ezone Lite
Yonex,Percept 100
Yonex,Percept 100D
Yonex,Percept 97
Yonex,Percept 97D
Yonex,Percept 97H
Yonex,RDS 001 MP
Yonex,RDS 001 Mid
Yonex,RDS 002
Yonex,RDS 002 Tour
Yonex,RDS 003
Yonex,RDiS 100 MP
Yonex,RDiS 100 Mid
Yonex,RDiS 200
Yonex,RDiS 300 MP
Yonex,RQ 7 OS
Yonex,RQ IS 2 Tour
Yonex,RQ Speed 30 MP
Yonex,RQ iS 1 Tour
Yonex,RQ iS 1 Tour XL 100
Yonex,RQ iS 1 Tour XL 95
Yonex,RQ iS 1 Tour XL 95 Lite
Yonex,RQS 11 MP
Yonex,RQS 22
Yonex,RQS 33
Yonex,RQS 55
Yonex,Regna 100
Yonex,Regna 98
Yonex,S-Fit 1
Yonex,S-Fit 1 Lite
Yonex,S-Fit 3
Yonex,S-Fit 5
Yonex,V CORE SV 100
Yonex,V CORE SV 100 Lite
Yonex,V CORE SV 95
Yonex,V CORE SV 98
Yonex,V CORE SV 98 Lite
Yonex,V Core 100 S
Yonex,V Core 95 D
Yonex,V Core 98 D
Yonex,V Core 98 Team
Yonex,VCORE 100
Yonex,VCORE 100 (300)
Yonex,VCORE 100 (300) Galaxy Black
Yonex,VCORE 100 2023
Yonex,VCORE 100+
Yonex,VCORE 100+ (2021)
Yonex,VCORE 100+ 2023
Yonex,VCORE 100L
Yonex,VCORE 95
Yonex,VCORE 95 (2018)
Yonex,VCORE 95 2023
Yonex,VCORE 98
Yonex,VCORE 98 (305)
Yonex,VCORE 98 (305) Galaxy Black
Yonex,VCORE 98 2023
Yonex,VCORE 98 Limited
Yonex,VCORE 98 Tour 2023
Yonex,VCORE 98+
Yonex,VCORE 98+ (2021)
Yonex,VCORE 98+ 2023
Yonex,VCORE 98L
Yonex,VCORE Pro 100
Yonex,VCORE Pro 100 (300)
Yonex,VCORE Pro 100 (300)
Yonex,VCORE Pro 97
Yonex,VCORE Pro 97 (310)
Yonex,VCORE Pro 97 (310) (2018)
Yonex,VCORE Pro 97 (330)
Yonex,VCORE Pro 97 (330)
Yonex,VCORE Pro 97D
Yonex,VCORE Pro 97H
Yonex,VCORE Pro 97HD ((18x20))
Yonex,VCORE Tour 89
Yonex,VCORE Tour 97
Yonex,VCORE Tour 97 (310g)
Yonex,VCORE Tour G (310)
Yonex,VCORE Tour G 330 (Wawrinka)
Yonex,VCORE Xi 100
Yonex,VCORE Xi 98
Yonex,VCore SV 100+
Yonex,VCore SV 98+
Yonex,Vcore Duel G 100
Yonex,Vcore Duel G 97 (310g)
Yonex,Vcore Duel G 97 (330g)
Yonex,Vcore Si 100
Yonex,Vcore Si 98
Yonex,Vcore Tour F 93
Yonex,Vcore Tour F 97 (290)
Yonex,Vcore Tour F 97 (310)
Yonex,Vcore Tour F 97 (310)
Yonex,Ezone Feel
Yonex,V Core PRO 100L
